{
	"info": {
		"_postman_id": "693500f4-ba76-4344-9577-0390bb31c6ba",
		"name": "Vault",
		"description": "Calls to services related to Vault",
		"schema": "https://schema.getpostman.com/json/collection/v2.1.0/collection.json"
	},
	"item": [
		{
			"name": "m6",
			"item": [
				{
					"name": "Call Lambda",
					"request": {
						"auth": {
							"type": "awsv4",
							"awsv4": [
								{
									"key": "secretKey",
									"value": "Z2EAxOEiz4vlZntpQ6E3I7Fm51QWV11KCsKtTyGE",
									"type": "string"
								},
								{
									"key": "accessKey",
									"value": "AKIAZ4DFHAR2JOFPEQPA",
									"type": "string"
								},
								{
									"key": "region",
									"value": "us-east-2",
									"type": "string"
								},
								{
									"key": "service",
									"value": "execute-api",
									"type": "string"
								}
							]
						},
						"method": "GET",
						"header": [],
						"url": {
							"raw": "https://rk8x7jz2lj.execute-api.us-east-2.amazonaws.com/default/vault_access",
							"protocol": "https",
							"host": [
								"rk8x7jz2lj",
								"execute-api",
								"us-east-2",
								"amazonaws",
								"com"
							],
							"path": [
								"default",
								"vault_access"
							]
						}
					},
					"response": []
				}
			],
			"description": "Requests for module 6 of the course",
			"protocolProfileBehavior": {}
		}
	],
	"protocolProfileBehavior": {}
}