{
    "time": "2021-07-31T17:34:57.684994Z",
    "type": "request",
    "auth": {
        "client_token": "s.bu5o1hk8EA36xUZPqj6UxaLa",
        "accessor": "T1s4zybvHUwnnJp72SDAMaT9",
        "display_name": "root",
        "policies": [
            "root"
        ],
        "token_policies": [
            "root"
        ],
        "token_type": "service",
        "token_issue_time": "2021-07-31T01:54:57-07:00"
    },
    "request": {
        "id": "b77c5750-8968-1abc-f445-b9e497170be6",
        "operation": "read",
        "mount_type": "system",
        "client_token": "s.bu5o1hk8EA36xUZPqj6UxaLa",
        "client_token_accessor": "T1s4zybvHUwnnJp72SDAMaT9",
        "namespace": {
            "id": "root"
        },
        "path": "sys/audit",
        "remote_address": "127.0.0.1"
    }
}


{
    "time": "2021-07-31T17:35:48.296662Z",
    "type": "response",
    "auth": {
        "client_token": "s.bu5o1hk8EA36xUZPqj6UxaLa",
        "accessor": "T1s4zybvHUwnnJp72SDAMaT9",
        "display_name": "root",
        "policies": [
            "root"
        ],
        "token_policies": [
            "root"
        ],
        "token_type": "service",
        "token_issue_time": "2021-07-31T01:54:57-07:00"
    },
    "request": {
        "id": "74f3a776-9dc0-abda-15ee-f55d9bf1a575",
        "operation": "read",
        "mount_type": "token",
        "client_token": "s.bu5o1hk8EA36xUZPqj6UxaLa",
        "client_token_accessor": "T1s4zybvHUwnnJp72SDAMaT9",
        "namespace": {
            "id": "root"
        },
        "path": "auth/token/lookup-self",
        "remote_address": "127.0.0.1"
    },
    "response": {
        "mount_type": "token",
        "data": {
            "accessor": "T1s4zybvHUwnnJp72SDAMaT9",
            "creation_time": 1627721697,
            "creation_ttl": 0,
            "display_name": "root",
            "entity_id": "",
            "expire_time": null,
            "explicit_max_ttl": 0,
            "id": "s.bu5o1hk8EA36xUZPqj6UxaLa",
            "meta": null,
            "num_uses": 0,
            "orphan": true,
            "path": "auth/token/root",
            "policies": [
                "root"
            ],
            "ttl": 0,
            "type": "service"
        }
    }
}