{
    "Version": "2012-10-17",
    "Statement": [
      {
        "Effect": "Allow",
        "Action": [
          "ec2:DescribeInstances",
          "iam:GetInstanceProfile",
          "iam:GetUser",
          "iam:GetRole"
        ],
        "Resource": "*"
      },
      {
        "Effect": "Allow",
        "Action": ["sts:AssumeRole"],
        "Resource": ["arn:aws:iam::239136941756:role/vault-aws-auth-role"]
      },
      {
        "Sid": "ManageOwnAccessKeys",
        "Effect": "Allow",
        "Action": [
          "iam:CreateAccessKey",
          "iam:DeleteAccessKey",
          "iam:GetAccessKeyLastUsed",
          "iam:GetUser",
          "iam:ListAccessKeys",
          "iam:UpdateAccessKey"
        ],
        "Resource": "arn:aws:iam::*:user/${aws:username}"
      }
    ]
}
